{
  "sample": [
    {
      "sample": "Overall",
      "n": 14371,
      "gender_code_1_n": 8069,
      "gender_code_1_percent": 56.1477976480412,
      "gender_code_2_n": 6302,
      "gender_code_2_percent": 43.85220235195881,
      "screen_positive_n": 2908,
      "screen_positive_percent": 20.235195880592865,
      "total_mean": 132.04982255932086,
      "total_sd": 42.104096342438325,
      "all_same_n": 759,
      "all_zero_n": 726,
      "duplicate_item_pattern_n": 1203
    },
    {
      "sample": "Mapped Hunan code group",
      "n": 10831,
      "gender_code_1_n": 7284,
      "gender_code_1_percent": 67.25140799556829,
      "gender_code_2_n": 3547,
      "gender_code_2_percent": 32.74859200443173,
      "screen_positive_n": 2207,
      "screen_positive_percent": 20.376696519250302,
      "total_mean": 133.4020866032684,
      "total_sd": 40.15067410290986,
      "all_same_n": 276,
      "all_zero_n": 266,
      "duplicate_item_pattern_n": 517
    },
    {
      "sample": "Mapped Shandong code group",
      "n": 3540,
      "gender_code_1_n": 785,
      "gender_code_1_percent": 22.17514124293785,
      "gender_code_2_n": 2755,
      "gender_code_2_percent": 77.82485875706215,
      "screen_positive_n": 701,
      "screen_positive_percent": 19.80225988700565,
      "total_mean": 127.91242937853109,
      "total_sd": 47.35231902763682,
      "all_same_n": 483,
      "all_zero_n": 460,
      "duplicate_item_pattern_n": 686
    }
  ],
  "lasso_item_count_metrics": [
    {
      "analysis": "LASSO/L1 ranking",
      "method": "LASSO/L1 ranking",
      "item_count": 5,
      "selected_items": "S61,S9,S28,S2,S34",
      "n": 3540,
      "positive_n": 701,
      "prevalence": 0.1980225988700565,
      "roc_auc": 0.9597497963710072,
      "pr_auc": 0.86111016783264,
      "brier": 0.0637403128967984,
      "calibration_intercept": -0.1730448537290363,
      "calibration_slope": 1.0281242013346987,
      "sensitivity": 0.7232524964336662,
      "specificity": 0.9517435716801692,
      "ppv": 0.7872670807453416,
      "npv": 0.9330110497237568,
      "predicted_positive_rate": 0.1819209039548022,
      "threshold": 0.4680754263650855,
      "top5_recall": 0.2467902995720399,
      "top5_precision": 0.9774011299435028,
      "top5_lift": 4.935805991440799,
      "top10_recall": 0.4721825962910128,
      "top10_precision": 0.9350282485875706,
      "top10_lift": 4.7218259629101285,
      "top15_recall": 0.6476462196861626,
      "top15_precision": 0.8549905838041432,
      "top15_lift": 4.317641464574418,
      "top20_recall": 0.7631954350927247,
      "top20_precision": 0.7556497175141242,
      "top20_lift": 3.815977175463624,
      "top25_recall": 0.8388017118402282,
      "top25_precision": 0.6644067796610169,
      "top25_lift": 3.355206847360913,
      "top30_recall": 0.9514978601997148,
      "top30_precision": 0.628060263653484,
      "top30_lift": 3.171659533999049
    },
    {
      "analysis": "LASSO/L1 ranking",
      "method": "LASSO/L1 ranking",
      "item_count": 10,
      "selected_items": "S61,S9,S28,S2,S34,S10,S85,S41,S51,S26",
      "n": 3540,
      "positive_n": 701,
      "prevalence": 0.1980225988700565,
      "roc_auc": 0.9786019971469327,
      "pr_auc": 0.9196551351931976,
      "brier": 0.048732034662938,
      "calibration_intercept": 0.2073900777381153,
      "calibration_slope": 1.115617829345965,
      "sensitivity": 0.7617689015691869,
      "specificity": 0.966185276505812,
      "ppv": 0.8476190476190476,
      "npv": 0.9426116838487972,
      "predicted_positive_rate": 0.1779661016949152,
      "threshold": 0.4521186834231742,
      "top5_recall": 0.2524964336661912,
      "top5_precision": 1.0,
      "top5_lift": 5.049928673323823,
      "top10_recall": 0.4907275320970042,
      "top10_precision": 0.9717514124293786,
      "top10_lift": 4.907275320970043,
      "top15_recall": 0.6833095577746077,
      "top15_precision": 0.9020715630885122,
      "top15_lift": 4.555397051830718,
      "top20_recall": 0.8174037089871612,
      "top20_precision": 0.809322033898305,
      "top20_lift": 4.087018544935805,
      "top25_recall": 0.9472182596291012,
      "top25_precision": 0.7502824858757062,
      "top25_lift": 3.788873038516405,
      "top30_recall": 0.9828815977175464,
      "top30_precision": 0.6487758945386064,
      "top30_lift": 3.276271992391821
    },
    {
      "analysis": "LASSO/L1 ranking",
      "method": "LASSO/L1 ranking",
      "item_count": 15,
      "selected_items": "S61,S9,S28,S2,S34,S10,S85,S41,S51,S26,S30,S31,S68,S84,S46",
      "n": 3540,
      "positive_n": 701,
      "prevalence": 0.1980225988700565,
      "roc_auc": 0.9879649109936542,
      "pr_auc": 0.9493304542145464,
      "brier": 0.0400849301042353,
      "calibration_intercept": 0.7265654234640776,
      "calibration_slope": 1.1817779199702334,
      "sensitivity": 0.7717546362339515,
      "specificity": 0.9792180345191968,
      "ppv": 0.9016666666666666,
      "npv": 0.9455782312925172,
      "predicted_positive_rate": 0.1694915254237288,
      "threshold": 0.4424676472330029,
      "top5_recall": 0.2510699001426533,
      "top5_precision": 0.9943502824858758,
      "top5_lift": 5.021398002853068,
      "top10_recall": 0.4978601997146933,
      "top10_precision": 0.9858757062146892,
      "top10_lift": 4.978601997146933,
      "top15_recall": 0.7047075606276747,
      "top15_precision": 0.9303201506591338,
      "top15_lift": 4.698050404184499,
      "top20_recall": 0.8887303851640513,
      "top20_precision": 0.8799435028248588,
      "top20_lift": 4.443651925820257,
      "top25_recall": 0.9814550641940084,
      "top25_precision": 0.7774011299435029,
      "top25_lift": 3.9258202567760345,
      "top30_recall": 0.9942938659058488,
      "top30_precision": 0.6563088512241054,
      "top30_lift": 3.314312886352829
    },
    {
      "analysis": "LASSO/L1 ranking",
      "method": "LASSO/L1 ranking",
      "item_count": 20,
      "selected_items": "S61,S9,S28,S2,S34,S10,S85,S41,S51,S26,S30,S31,S68,S84,S46,S88,S18,S57,S70,S25",
      "n": 3540,
      "positive_n": 701,
      "prevalence": 0.1980225988700565,
      "roc_auc": 0.991266941655834,
      "pr_auc": 0.9643395588829782,
      "brier": 0.0315440994573216,
      "calibration_intercept": 0.4071657535922913,
      "calibration_slope": 1.1328933756751027,
      "sensitivity": 0.8887303851640513,
      "specificity": 0.9771046143008102,
      "ppv": 0.9055232558139537,
      "npv": 0.9726507713884992,
      "predicted_positive_rate": 0.1943502824858757,
      "threshold": 0.4471023726411767,
      "top5_recall": 0.2524964336661912,
      "top5_precision": 1.0,
      "top5_lift": 5.049928673323823,
      "top10_recall": 0.5021398002853067,
      "top10_precision": 0.9943502824858758,
      "top10_lift": 5.021398002853068,
      "top15_recall": 0.717546362339515,
      "top15_precision": 0.9472693032015066,
      "top15_lift": 4.783642415596766,
      "top20_recall": 0.9001426533523538,
      "top20_precision": 0.8912429378531074,
      "top20_lift": 4.500713266761769,
      "top25_recall": 0.9900142653352354,
      "top25_precision": 0.784180790960452,
      "top25_lift": 3.9600570613409416,
      "top30_recall": 0.9985734664764622,
      "top30_precision": 0.6591337099811676,
      "top30_lift": 3.328578221588207
    },
    {
      "analysis": "LASSO/L1 ranking",
      "method": "LASSO/L1 ranking",
      "item_count": 30,
      "selected_items": "S61,S9,S28,S2,S34,S10,S85,S41,S51,S26,S30,S31,S68,S84,S46,S88,S18,S57,S70,S25,S79,S72,S29,S21,S66,S42,S65,S55,S6,S44",
      "n": 3540,
      "positive_n": 701,
      "prevalence": 0.1980225988700565,
      "roc_auc": 0.997028850748616,
      "pr_auc": 0.9876882878510392,
      "brier": 0.0164004131277858,
      "calibration_intercept": -0.007630658751611,
      "calibration_slope": 1.1563968729880274,
      "sensitivity": 0.9400855920114124,
      "specificity": 0.9855582951743572,
      "ppv": 0.9414285714285714,